City,Lat,Lng,Max Temp,Humidity,Cloudiness,Wind Speed,Country,Date
puerto ayora,-0.7393,-90.3518,69.78,85,91,12.68,EC,1634773921
busselton,-33.65,115.3333,60.04,68,93,15.61,AU,1634773921
cape town,-33.9258,18.4232,62.1,78,0,3.0,ZA,1634773635
saint-philippe,-21.3585,55.7679,72.95,78,41,10.31,RE,1634773922
ushuaia,-54.8,-68.3,49.66,40,20,11.5,AR,1634773922
nemuro,43.3236,145.575,48.63,66,100,14.83,JP,1634773852
rikitea,-23.1203,-134.9692,74.64,69,20,21.18,PF,1634773665
new norfolk,-42.7826,147.0587,66.65,49,100,3.0,AU,1634773771
vredendal,-31.6683,18.5012,63.19,63,79,5.12,ZA,1634773923
punta arenas,-53.15,-70.9167,48.31,53,20,12.66,CL,1634773656
hobart,-42.8794,147.3294,67.01,57,75,1.99,AU,1634773662
san patricio,28.017,-97.5169,84.92,65,22,9.22,US,1634773923
neman,55.0311,22.0264,59.31,63,100,15.97,RU,1634773924
henties bay,-22.116,14.2845,56.43,95,21,9.6,NA,1634773924
mataura,-46.1927,168.8643,55.69,45,88,2.04,NZ,1634773924
bluff,-46.6,168.3333,49.55,55,91,5.44,NZ,1634773925
palmas,-10.2128,-48.3603,84.07,65,20,4.61,BR,1634773925
east london,-33.0153,27.9116,62.15,82,44,11.83,ZA,1634773703
georgetown,5.4112,100.3354,76.93,94,40,5.01,MY,1634773926
upernavik,72.7868,-56.1549,32.56,99,100,8.68,GL,1634773762
navolato,24.7672,-107.6944,87.13,65,1,11.07,MX,1634773926
suluq,31.6682,20.2521,66.99,60,50,7.94,LY,1634773927
nanchang,28.6833,115.8833,53.31,87,100,7.7,CN,1634773927
marawi,7.9986,124.2928,69.66,83,100,2.08,PH,1634773928
south venice,27.0531,-82.4243,81.0,63,51,8.05,US,1634773928
beinamar,8.6698,15.3813,72.57,87,100,3.15,TD,1634773928
staryy nadym,65.6118,72.6842,31.03,77,100,3.98,RU,1634773929
nea alikarnassos,35.3333,25.1667,64.08,73,20,8.05,GR,1634773929
rocha,-34.4833,-54.3333,51.53,89,20,6.51,UY,1634773930
kodiak,57.79,-152.4072,44.11,81,90,9.22,US,1634773652
oksfjord,70.2396,22.3479,29.32,91,100,10.22,NO,1634773930
hilo,19.7297,-155.09,80.33,67,40,11.5,US,1634773716
anadyr,64.75,177.4833,23.5,93,90,13.42,RU,1634773796
avarua,-21.2078,-159.775,77.05,65,75,9.22,CK,1634773931
arraial do cabo,-22.9661,-42.0278,62.56,94,75,0.0,BR,1634773931
pisco,-13.7,-76.2167,62.65,77,0,19.57,PE,1634773860
boa vista,2.8197,-60.6733,85.98,62,75,3.44,BR,1634773931
hithadhoo,-0.6,73.0833,81.57,73,100,9.66,MV,1634773650
barrow,71.2906,-156.7887,28.42,86,90,21.85,US,1634773932
susanville,40.4163,-120.653,53.44,70,75,10.0,US,1634773932
grindavik,63.8424,-22.4338,43.27,75,75,18.41,IS,1634773658
yar-sale,66.8333,70.8333,28.45,85,90,6.4,RU,1634773933
hermanus,-34.4187,19.2345,61.81,84,88,4.32,ZA,1634773661
cairns,-16.9167,145.7667,90.95,77,75,10.36,AU,1634773651
dikson,73.5069,80.5464,27.88,57,88,10.71,RU,1634773933
khatanga,71.9667,102.5,25.54,97,100,4.88,RU,1634773693
manado,1.487,124.8455,81.37,94,20,0.0,ID,1634773934
kushmurun,52.4503,64.6311,39.88,87,97,15.1,KZ,1634773934
ponta do sol,32.6667,-17.1,74.03,79,100,6.85,PT,1634773697
cayenne,4.9333,-52.3333,83.08,81,20,1.01,GF,1634773667
kiama,-34.6833,150.8667,72.0,71,56,6.22,AU,1634773935
tacadang,16.7264,120.6405,68.54,79,37,0.76,PH,1634773935
batangafo,7.3008,18.2833,69.48,96,100,2.39,CF,1634773935
thompson,55.7435,-97.8558,35.76,41,75,4.61,CA,1634773766
richards bay,-28.783,32.0377,62.44,72,0,10.42,ZA,1634773936
san antonio,29.4241,-98.4936,82.51,69,20,6.91,US,1634773790
ormara,25.2088,64.6357,78.49,75,11,9.91,PK,1634773936
portland,45.5234,-122.6762,63.18,69,75,3.0,US,1634773336
ekhabi,53.5102,142.9671,32.16,73,31,10.6,RU,1634773937
bambanglipuro,-7.95,110.2833,80.65,80,90,5.41,ID,1634773937
provideniya,64.3833,-173.3,30.31,74,0,4.47,RU,1634773685
longyearbyen,78.2186,15.6401,13.84,62,0,6.91,SJ,1634773718
madang,-5.2246,145.7966,85.66,64,79,2.53,PG,1634773937
lubu,23.1742,112.2809,70.07,92,100,4.27,CN,1634773938
asau,46.4333,26.4,43.72,72,10,7.52,RO,1634773691
mahebourg,-20.4081,57.7,72.25,83,40,5.75,MU,1634773938
atuona,-9.8,-139.0333,77.41,80,4,16.51,PF,1634773939
cervo,43.6702,-7.4101,59.97,73,82,11.39,ES,1634773890
orlik,52.5178,99.825,24.44,63,6,3.04,RU,1634773939
kayes,14.0,-11.0,79.16,67,99,2.06,ML,1634773939
olinda,-8.0089,-34.8553,82.13,74,20,8.05,BR,1634773940
skjervoy,70.0311,20.9714,31.48,76,100,24.4,NO,1634773940
victoria,22.2855,114.1577,80.33,84,85,1.01,HK,1634773823
kapaa,22.0752,-159.319,82.18,67,1,3.0,US,1634773941
kousseri,12.0769,15.0306,80.56,65,100,8.05,CM,1634773941
fortuna,40.5982,-124.1573,65.19,70,40,5.01,US,1634773941
yumen,40.2833,97.2,37.6,31,38,7.0,CN,1634773660
severo-kurilsk,50.6789,156.125,36.54,63,79,22.37,RU,1634773644
yellowknife,62.456,-114.3525,43.41,76,20,12.66,CA,1634773942
berkak,62.825,10.0118,39.43,96,100,0.76,NO,1634773942
cabanas,22.9758,-82.9219,81.07,70,99,10.02,CU,1634773942
san fernando,15.0286,120.6898,83.14,79,41,3.58,PH,1634773943
flinders,-34.5833,150.8552,71.8,71,49,4.0,AU,1634773943
agvali,42.5385,46.1197,39.07,85,42,5.55,RU,1634773944
tuktoyaktuk,69.4541,-133.0374,26.6,86,75,5.75,CA,1634773766
bredasdorp,-34.5322,20.0403,61.29,99,89,6.08,ZA,1634773944
ust-nera,64.5667,143.2,6.51,91,99,2.28,RU,1634773944
platanos,37.6667,21.6167,61.09,80,5,3.53,GR,1634773945
alofi,-19.0595,-169.9187,80.49,61,71,18.41,NU,1634773945
nikolskoye,59.7035,30.7861,54.88,92,100,14.07,RU,1634773946
opuwo,-18.0607,13.84,64.49,44,10,1.32,NA,1634773946
fort nelson,58.8053,-122.7002,35.19,75,1,2.3,CA,1634773946
brae,60.3964,-1.353,42.71,60,82,32.73,GB,1634773947
imbituba,-28.24,-48.6703,65.82,74,100,7.83,BR,1634773947
ostrovnoy,68.0531,39.5131,31.73,72,100,16.64,RU,1634773947
eydhafushi,5.1033,73.0708,81.54,70,71,10.85,MV,1634773948
cabo san lucas,22.8909,-109.9124,86.61,73,9,7.05,MX,1634773791
bridgton,44.0548,-70.7128,55.58,84,73,2.57,US,1634773948
necochea,-38.5473,-58.7368,60.04,88,2,10.94,AR,1634773782
bela,25.9333,81.9833,70.38,69,6,5.17,IN,1634773949
brigantine,39.4101,-74.3646,68.2,69,1,4.61,US,1634773949
saint george,37.1041,-113.5841,71.94,24,1,3.0,US,1634773949
bauchi,10.5,10.0,73.49,85,92,9.01,NG,1634773950
thaba-tseka,-29.522,28.6084,49.6,45,71,4.32,LS,1634773950
albany,42.6001,-73.9662,65.05,65,74,5.73,US,1634773950
jamestown,42.097,-79.2353,63.72,63,20,8.05,US,1634773951
kulhudhuffushi,6.6221,73.07,81.46,75,100,10.51,MV,1634773951
batemans bay,-35.7167,150.1833,71.2,72,95,4.65,AU,1634773952
katsuura,35.1333,140.3,63.19,60,100,10.33,JP,1634773952
denpasar,-8.65,115.2167,82.06,88,20,3.44,ID,1634773952
lebu,-37.6167,-73.65,53.82,85,82,6.22,CL,1634773952
gorontalo,0.5412,123.0595,83.03,78,72,1.95,ID,1634773953
toccoa,34.5773,-83.3324,67.19,80,1,5.75,US,1634773686
bataipora,-22.2953,-53.2711,65.86,73,4,4.79,BR,1634773953
gat,31.61,34.7642,68.68,100,35,2.17,IL,1634773954
ulaanbaatar,47.9077,106.8832,10.53,79,0,2.24,MN,1634773809
viedma,-40.8135,-62.9967,60.12,54,0,15.95,AR,1634773827
laguna,38.421,-121.4238,71.46,42,75,0.0,US,1634773954
saint-joseph,-21.3667,55.6167,71.96,74,21,7.7,RE,1634773830
carnarvon,-24.8667,113.6333,68.07,64,90,11.5,AU,1634773954
surenavan,39.75,44.8,41.61,45,37,7.43,AM,1634773955
mar del plata,-38.0023,-57.5575,62.1,43,0,3.0,AR,1634773955
pevek,69.7008,170.3133,18.27,92,100,13.09,RU,1634773955
luderitz,-26.6481,15.1594,55.63,84,49,10.92,NA,1634773956
piacabucu,-10.4056,-36.4344,77.97,86,13,12.62,BR,1634773956
ust-maya,60.4167,134.5333,28.22,87,100,7.78,RU,1634773956
qatana,33.4354,36.0815,59.56,68,0,3.06,SY,1634773957
nome,64.5011,-165.4064,35.17,93,90,6.91,US,1634773957
vaini,-21.2,-175.2,80.76,78,20,10.36,TO,1634773957
port elizabeth,-33.918,25.5701,61.09,94,0,3.44,ZA,1634773958
vestmannaeyjar,63.4427,-20.2734,41.61,72,100,20.15,IS,1634773958
bambous virieux,-20.3428,57.7575,72.21,83,40,5.75,MU,1634773706
port alfred,-33.5906,26.891,62.55,84,34,13.65,ZA,1634773959
apatity,67.5641,33.4031,28.6,93,100,12.64,RU,1634773959
petropavlovsk-kamchatskiy,53.0452,158.6483,30.79,37,0,20.13,RU,1634773959
rajula,21.05,71.4333,73.83,68,99,6.67,IN,1634773960
saskylakh,71.9167,114.0833,12.58,96,99,5.57,RU,1634773960
tuatapere,-46.1333,167.6833,54.0,53,82,4.21,NZ,1634773711
butaritari,3.0707,172.7902,81.23,76,23,11.59,KI,1634773664
ranir bazar,23.8333,91.3667,73.9,99,97,5.06,IN,1634773960
inhambane,-23.865,35.3833,65.59,76,0,5.32,MZ,1634773961
tasiilaq,65.6145,-37.6368,32.81,43,66,10.27,GL,1634773792
champerico,14.3,-91.9167,84.34,84,100,6.29,GT,1634773961
bengkulu,-3.8004,102.2655,75.51,87,89,3.09,ID,1634773735
madimba,-10.4,40.3333,72.66,88,24,4.54,TZ,1634773962
airai,-8.9266,125.4092,74.48,43,72,1.92,TL,1634773962
labuhan,-6.8844,112.2051,81.21,76,79,6.58,ID,1634773962
ngunguru,-35.6167,174.5,60.17,97,100,19.55,NZ,1634773962
lazaro cardenas,17.9583,-102.2,82.09,80,95,3.33,MX,1634773963
chake chake,-5.2459,39.7666,73.36,90,25,6.4,TZ,1634773963
saint-augustin,51.226,-58.6502,45.1,85,100,13.96,CA,1634773794
palu,-0.8917,119.8707,81.37,86,100,0.83,ID,1634773964
cherskiy,68.75,161.3,-3.68,100,100,5.41,RU,1634773965
ahipara,-35.1667,173.1667,61.86,94,100,9.69,NZ,1634773965
port-gentil,-0.7193,8.7815,78.76,89,90,4.61,GA,1634773965
margate,51.3813,1.3862,52.3,92,100,3.0,GB,1634773828
kabompo,-13.5927,24.2008,69.66,67,99,3.51,ZM,1634773966
karasburg,-28.0167,18.75,67.98,62,85,11.95,NA,1634773966
hovd,48.0056,91.6419,30.9,47,0,2.24,MN,1634773967
hamilton,39.1834,-84.5333,65.84,67,1,6.91,US,1634773730
pyaozerskiy,65.8333,31.1667,30.04,96,100,12.48,RU,1634773967
qaanaaq,77.484,-69.3632,12.31,93,91,2.91,GL,1634773766
majene,-3.5403,118.9707,82.54,72,73,1.34,ID,1634773967
aizkraukle,56.6048,25.2553,55.89,76,100,16.08,LV,1634773968
kholtoson,50.2981,103.3097,27.28,69,1,2.84,RU,1634773968
olafsvik,64.8945,-23.7142,43.23,75,94,22.79,IS,1634773769
makueni,-1.8041,37.6203,60.69,91,76,2.17,KE,1634773969
antsohihy,-14.8796,47.9875,72.88,77,19,2.51,MG,1634773969
klaksvik,62.2266,-6.589,41.92,63,92,33.44,FO,1634773969
camacha,33.0833,-16.3333,70.56,83,40,9.22,PT,1634773969
ilulissat,69.2167,-51.1,26.62,68,100,2.3,GL,1634773677
markova,48.6758,24.4138,46.53,69,85,5.82,UA,1634773957
canyon,34.9803,-101.9188,70.02,28,0,7.74,US,1634773970
saint michael,45.21,-93.665,54.61,93,90,9.22,US,1634773970
hasaki,35.7333,140.8333,57.6,53,98,14.29,JP,1634773971
sorong,-0.8833,131.25,81.32,79,100,5.46,ID,1634773781
san jose,37.3394,-121.895,68.11,75,90,5.75,US,1634773956
dingle,10.9995,122.6711,81.1,85,84,6.2,PH,1634773843
chapleau,47.8405,-83.4034,37.49,87,90,9.22,CA,1634773972
mount gambier,-37.8333,140.7667,64.31,77,75,12.66,AU,1634773880
isangel,-19.55,169.2667,84.31,74,100,8.05,VU,1634773973
kindu,-2.95,25.95,69.26,100,100,1.57,CD,1634773973
lavrentiya,65.5833,-171.0,32.76,99,100,4.25,RU,1634773721
lucea,18.451,-78.1736,79.86,81,88,12.82,JM,1634773974
aksu,41.1231,80.2644,49.8,31,66,2.3,CN,1634773782
filadelfia,39.9523,-75.1638,69.03,66,1,5.75,US,1634773748
iqaluit,63.7506,-68.5145,31.73,80,90,4.0,CA,1634773974
tura,25.5198,90.2201,70.84,99,99,3.4,IN,1634773974
hambantota,6.1241,81.1185,75.54,100,0,2.3,LK,1634773975
clyde river,70.4692,-68.5914,28.63,86,40,11.5,CA,1634773819
san policarpo,12.1791,125.5072,82.8,77,90,4.38,PH,1634773975
lahij,13.1667,44.5833,79.2,60,85,2.57,YE,1634773975
los alamos,35.8881,-106.307,59.76,25,1,4.61,US,1634773975
quilmana,-12.95,-76.3833,65.14,82,92,5.01,PE,1634773976
codrington,-38.2667,141.9667,69.42,58,63,17.09,AU,1634773976
tra vinh,9.9347,106.3453,75.94,95,100,4.18,VN,1634773976
yazd,31.8972,54.3675,62.71,22,20,6.91,IR,1634773977
binzhou,37.3667,118.0167,51.71,75,80,5.21,CN,1634773977
mutare,-18.9707,32.6709,53.13,94,7,3.24,ZW,1634773977
buraydah,26.326,43.975,75.65,31,0,6.33,SA,1634773838
voyvozh,62.892,54.9635,25.88,95,99,4.76,RU,1634773978
tilichiki,60.4667,166.1,12.45,79,94,6.15,RU,1634773978
tefe,-3.3542,-64.7114,73.9,97,94,5.68,BR,1634773978
narsaq,60.9167,-46.05,31.53,36,0,5.12,GL,1634773830
changtu,42.7788,124.0955,40.91,50,15,1.41,CN,1634773979
gritsovskiy,54.1376,38.1604,42.49,90,100,21.54,RU,1634773979
plouzane,48.3833,-4.6167,53.92,79,75,17.27,FR,1634773979
mortka,59.3322,66.0214,34.59,80,100,7.74,RU,1634773980
akureyri,65.6835,-18.0878,24.73,80,0,2.3,IS,1634773902
ixtapa,20.7,-105.2,80.92,92,34,2.35,MX,1634773909
abu zabad,12.35,29.25,81.54,51,69,10.18,SD,1634773980
torbay,47.6666,-52.7314,48.97,96,90,11.5,CA,1634773981
benguela,-12.5763,13.4055,74.44,82,100,5.21,AO,1634773981
mecca,21.4267,39.8261,81.1,48,2,3.04,SA,1634773982
odessa,46.4775,30.7326,53.53,87,0,15.66,UA,1634773982
mitu,1.1983,-70.1733,72.34,97,99,2.42,CO,1634773801
vasilsursk,56.1275,46.0072,33.42,70,100,12.95,RU,1634773983
linfen,36.0889,111.5189,48.63,77,11,1.9,CN,1634773983
akdepe,42.0551,59.3788,48.29,63,60,12.5,TM,1634773983
faanui,-16.4833,-151.75,78.93,80,25,8.72,PF,1634773984
guadalupe y calvo,26.1,-106.9667,59.92,58,61,4.12,MX,1634773984
bijie,27.3125,105.2942,46.54,92,100,4.32,CN,1634773984
coihaique,-45.5752,-72.0662,49.95,57,40,3.44,CL,1634773985
mildura,-34.2,142.15,80.08,29,47,17.27,AU,1634773985
ust-kuyga,70.0167,135.6,9.16,96,100,4.76,RU,1634773985
chelno-vershiny,54.4333,51.1,28.67,94,39,6.04,RU,1634773986
bereda,43.2686,-7.5406,57.42,100,96,2.04,ES,1634773923
kargasok,59.0556,80.8572,36.79,88,62,7.4,RU,1634774007
bandarbeyla,9.4942,50.8122,76.23,85,35,6.31,SO,1634773918
castro,-24.7911,-50.0119,51.53,93,71,8.23,BR,1634774008
riyadh,24.6877,46.7219,73.54,24,0,5.55,SA,1634773802
obo,5.3998,26.4869,68.9,96,100,3.09,CF,1634774008
walvis bay,-22.9575,14.5053,59.95,77,39,5.75,NA,1634774008
mogadishu,2.0371,45.3438,78.39,82,81,11.45,SO,1634774009
innisfail,-17.5333,146.0333,92.88,67,66,10.45,AU,1634774009
kemi,65.8596,24.8228,29.97,100,90,6.91,FI,1634774009
axim,4.8699,-2.2405,77.88,87,80,9.04,GH,1634774009
sao jose da coroa grande,-8.8978,-35.1478,77.34,86,10,9.51,BR,1634773800
bubaque,11.2833,-15.8333,82.18,78,97,10.96,GW,1634773806
bahar,34.9072,48.4414,48.94,67,53,4.03,IR,1634774010
pangody,65.85,74.4859,30.25,87,100,3.8,RU,1634774010
dossor,47.5272,52.9811,37.15,64,48,11.18,KZ,1634774010
caravelas,-17.7125,-39.2481,71.22,90,100,15.39,BR,1634773816
tongliao,43.6125,122.2653,41.13,44,12,0.65,CN,1634774011
mbini,1.574,9.6134,76.3,89,99,4.79,GQ,1634774011
solnechnyy,50.7214,136.6319,30.0,61,21,3.87,RU,1634774012
marzuq,14.4,46.4667,72.97,55,89,1.54,YE,1634774012
calvinia,-31.4707,19.776,63.64,70,82,8.34,ZA,1634774012
pelym,61.0108,61.9978,28.6,83,40,4.21,RU,1634774013
beitbridge,-22.2167,30.0,65.73,58,1,3.22,ZW,1634774013
mutsu,41.2894,141.2169,54.0,70,48,15.43,JP,1634774013
maracacume,-2.0428,-45.9592,74.57,91,63,3.42,BR,1634774013
ciudad bolivar,8.1222,-63.5497,83.53,51,54,10.58,VE,1634774014
jijiang,29.2906,106.2542,61.36,93,100,2.39,CN,1634774014
bardiyah,31.7561,25.0865,66.94,72,14,7.11,LY,1634774014
beringovskiy,63.05,179.3167,18.52,73,50,4.38,RU,1634774015
kappeln,54.6612,9.9313,57.11,85,64,23.06,DE,1634774015
ribeira grande,38.5167,-28.7,70.0,65,73,4.79,PT,1634774015
keelung,25.1283,121.7419,75.09,89,100,12.21,TW,1634774016
jiayuguan,39.8167,98.3,36.59,34,27,3.6,CN,1634774016
zheleznodorozhnyy,55.7503,38.0042,45.21,91,100,15.5,RU,1634773834
waddan,29.1614,16.139,65.86,56,26,7.58,LY,1634774016
santa marta,11.2408,-74.199,78.35,82,46,9.75,CO,1634773952
nunoa,-14.48,-70.6411,50.14,57,100,4.32,PE,1634774017
hualmay,-11.0964,-77.6139,64.42,84,71,10.8,PE,1634774017
tahta,26.7693,31.5021,73.72,51,18,13.2,EG,1634774017
kastamonu,41.5,33.6667,37.62,91,0,1.34,TR,1634774018
miri,4.4148,114.0089,73.54,100,40,3.44,MY,1634774018
worcester,42.3334,-71.8328,61.07,82,79,6.69,US,1634774018
touros,-5.1989,-35.4608,81.5,82,96,8.88,BR,1634774019
changji,44.0167,87.3167,45.39,49,0,4.47,CN,1634774019
vera cruz,-12.6333,-41.0333,76.93,63,83,1.16,BR,1634774019
yaan,7.3833,8.5667,70.63,90,92,1.32,NG,1634774020
rundu,-17.9333,19.7667,71.91,65,100,3.98,NA,1634774020
korla,41.7597,86.1469,50.76,28,44,1.61,CN,1634774020
constantine,36.365,6.6147,56.61,54,0,2.3,DZ,1634773978
lompoc,34.6391,-120.4579,73.69,63,1,13.8,US,1634773732
karratha,-20.7377,116.8463,77.25,30,1,9.57,AU,1634774021
severnoye,56.3491,78.3619,39.76,70,94,8.23,RU,1634774021
nhulunbuy,-12.2333,136.7667,86.61,66,20,11.5,AU,1634774021
hami,42.8,93.45,54.77,20,99,8.59,CN,1634773760
nouadhibou,20.931,-17.0347,76.98,53,0,14.97,MR,1634774022
makakilo city,21.3469,-158.0858,83.61,45,1,6.91,US,1634774022
coquimbo,-29.9533,-71.3436,56.93,82,20,10.36,CL,1634774022
christchurch,-43.5333,172.6333,60.33,51,80,6.91,NZ,1634774017
severnyy,50.677,36.5532,46.44,66,0,11.18,RU,1634774023
sheregesh,52.9209,87.9869,33.8,71,10,3.49,RU,1634774023
santa cruz,-17.8,-63.1667,84.25,37,44,4.61,BO,1634773761
afonso claudio,-20.0742,-41.1239,62.33,95,100,4.94,BR,1634774023
shelopugino,51.6514,117.5599,24.17,87,27,1.9,RU,1634774024
vostok,46.4856,135.8833,28.06,54,5,1.9,RU,1634774024
bethel,41.3712,-73.414,67.66,77,49,4.23,US,1634774024
manicore,-5.8092,-61.3003,80.35,74,71,1.03,BR,1634774025
george town,5.4112,100.3354,76.93,94,40,5.01,MY,1634773926
ovalle,-30.5983,-71.2003,60.58,59,0,3.83,CL,1634774025
toamasina,-18.1667,49.3833,68.0,94,40,3.44,MG,1634774026
soller,39.7662,2.7152,61.86,84,99,3.74,ES,1634774026
talnakh,69.4865,88.3972,23.85,95,99,13.56,RU,1634774026
juba,4.8517,31.5825,70.68,93,98,1.63,SS,1634774026
havoysund,70.9963,24.6622,29.28,65,100,30.13,NO,1634774027
sur,22.5667,59.5289,77.9,69,75,10.6,OM,1634774027
ketchikan,55.3422,-131.6461,44.08,95,100,5.88,US,1634774028
talara,-4.5772,-81.2719,65.16,82,40,13.8,PE,1634774028
neiafu,-18.65,-173.9833,81.28,54,20,9.22,TO,1634774028
sokoni,-6.4333,39.55,76.84,79,53,9.84,TZ,1634774028
aklavik,68.2191,-135.0107,27.43,82,99,7.23,CA,1634774029
mizan teferi,6.9833,35.5833,64.9,60,96,2.57,ET,1634774029
saldanha,-33.0117,17.9442,59.05,90,71,21.65,ZA,1634774029
kosa,59.9445,54.9977,27.1,95,38,3.02,RU,1634774030
kimbe,-5.5502,150.1429,84.52,73,59,1.28,PG,1634774030
sitka,57.0531,-135.33,53.49,58,90,17.27,US,1634773871
blyth,55.1271,-1.5086,45.09,92,40,1.99,GB,1634774030
riverton,40.5219,-111.9391,61.72,42,1,1.99,US,1634774031
leninsk,48.7119,45.1994,31.86,70,49,8.21,RU,1634774031
kenai,60.5544,-151.2583,45.09,84,75,9.22,US,1634774031
chegdomyn,51.1167,133.0167,25.32,78,61,0.72,RU,1634774032
czersk,53.7959,17.9765,61.56,75,100,14.74,PL,1634774032
vao,-22.6667,167.4833,70.43,94,100,14.94,NC,1634773872
peniche,39.3558,-9.3811,66.61,93,4,9.84,PT,1634773845
broome,42.2506,-75.833,60.98,83,55,2.35,US,1634774033
kruisfontein,-34.0033,24.7314,62.17,62,57,3.83,ZA,1634773833
esperance,-33.8667,121.9,60.64,65,8,19.08,AU,1634774033
lagoa,39.05,-27.9833,68.65,62,49,0.72,PT,1634774033
souillac,-20.5167,57.5167,72.36,83,40,5.75,MU,1634774034
guerrero negro,27.9769,-114.0611,67.96,68,56,13.6,MX,1634773786
wuwei,37.9281,102.6414,39.31,48,1,1.61,CN,1634774034
sarkand,45.41,79.9186,56.01,24,100,3.96,KZ,1634774035
chuy,-33.6971,-53.4616,55.98,75,48,7.92,UY,1634773781
micheweni,-4.9667,39.8333,75.13,86,62,7.9,TZ,1634774035
port macquarie,-31.4333,152.9167,68.9,65,81,3.76,AU,1634773782
saint-leu,-21.15,55.2833,72.43,87,65,1.99,RE,1634774035
tunceli,39.1083,39.5471,48.38,50,7,5.32,TR,1634774036
cidreira,-30.1811,-50.2056,63.19,69,93,16.75,BR,1634774036
arlit,18.7369,7.3853,86.67,12,43,8.7,NE,1634774036
half moon bay,37.4636,-122.4286,68.05,79,90,1.01,US,1634773763
juan lacaze,-34.4342,-57.4381,62.98,73,16,11.1,UY,1634774037
derzhavinsk,51.1,66.3167,42.46,63,82,18.68,KZ,1634774037
taixing,32.1667,120.0136,54.91,72,60,9.8,CN,1634774038
chara,56.9064,118.2631,27.37,75,61,3.74,RU,1634774038
sobolevo,54.4299,31.8996,48.6,80,100,17.11,RU,1634774038
homer,59.6425,-151.5483,44.76,87,95,3.0,US,1634774038
kardamaina,36.7814,27.1425,55.35,58,51,14.12,GR,1634774039
muttupet,10.4,79.4833,80.29,79,77,6.58,IN,1634774039
bathsheba,13.2167,-59.5167,83.01,78,40,21.85,BB,1634774039
lethem,3.3803,-59.7968,78.21,80,61,6.98,GY,1634774040
itoman,26.1247,127.6694,78.82,72,75,11.5,JP,1634774040
mehamn,71.0357,27.8492,34.14,58,100,25.03,NO,1634774040
grobina,56.5352,21.1678,58.86,88,90,23.02,LV,1634774041
sungairaya,0.7,108.9,78.96,83,100,1.86,ID,1634774041
praia,14.9215,-23.5087,81.14,54,0,19.57,CV,1634773900
lucapa,-8.4192,20.7447,66.63,97,91,3.09,AO,1634774042
norman wells,65.282,-126.8329,37.44,65,75,10.36,CA,1634774042
yerbogachen,61.2767,108.0108,34.77,90,100,9.71,RU,1634774043
ambon,-3.6954,128.1814,86.14,84,20,3.44,ID,1634774043
svencionys,55.15,26.1667,54.9,73,100,15.28,LT,1634774044
edgewater,28.9889,-80.9023,77.09,62,76,7.94,US,1634773795
launceston,-41.45,147.1667,66.61,65,40,7.0,AU,1634774044
tecpan,14.7623,-90.9947,58.32,95,98,0.31,GT,1634774045
luanda,-8.8368,13.2343,75.2,88,75,4.61,AO,1634774045
saint-pierre,-21.3393,55.4781,73.04,68,90,6.91,RE,1634773812
dzhebariki-khaya,62.2167,135.8,22.69,92,100,1.9,RU,1634774045
huarmey,-10.0681,-78.1522,64.98,86,81,10.63,PE,1634774046
ballina,-28.8667,153.5667,66.78,93,75,3.44,AU,1634773813
oranjemund,-28.55,16.4333,58.08,81,40,6.13,NA,1634774046
aanekoski,62.6946,25.818,50.07,95,100,9.6,FI,1634774046
okha,53.5739,142.9478,33.01,74,48,11.39,RU,1634774047
khair,27.95,77.8333,71.01,52,0,5.06,IN,1634774047
cockburn town,21.4612,-71.1419,82.36,78,75,9.22,TC,1634774047
escarcega,18.6089,-90.7454,74.17,97,97,3.44,MX,1634774048
palafrugell,41.9174,3.1631,68.56,69,61,4.0,ES,1634773999
kahului,20.8947,-156.47,83.46,69,0,11.99,US,1634774048
komsomolskiy,40.4272,71.7189,56.12,44,92,9.22,UZ,1634774049
quibor,9.9287,-69.6201,76.17,81,68,3.04,VE,1634774049
la ronge,55.1001,-105.2842,43.05,49,40,6.91,CA,1634773797
palm coast,29.585,-81.2078,77.07,60,89,5.01,US,1634773793
olavarria,-36.8927,-60.3225,59.4,76,2,9.06,AR,1634773843
san cristobal,7.7669,-72.225,71.78,93,14,2.04,VE,1634774050
vila franca do campo,37.7167,-25.4333,61.21,73,44,1.92,PT,1634774050
quatre cocos,-20.2078,57.7625,72.09,82,47,7.65,MU,1634774050
lata,40.1629,-8.3327,61.81,98,30,1.52,PT,1634774051
balabac,7.9868,117.0645,81.45,79,98,6.58,PH,1634774051
paracuru,-3.41,-39.0306,81.1,80,96,8.21,BR,1634774051
janow lubelski,50.707,22.4104,57.22,55,98,15.73,PL,1634774052
kalanguy,51.0167,116.5167,23.97,86,6,2.04,RU,1634774052
beira,-19.8436,34.8389,71.69,78,20,5.99,MZ,1634774052
mazeikiai,56.3167,22.3333,57.02,81,100,19.08,LT,1634774053
rock sound,24.9,-76.2,80.91,71,68,22.28,BS,1634774053
bilibino,68.0546,166.4372,3.58,93,100,2.51,RU,1634774054
asfi,32.2994,-9.2372,67.98,95,75,7.65,MA,1634774054
port blair,11.6667,92.75,77.04,88,40,0.0,IN,1634773767
visnes,59.3556,5.2242,47.82,71,90,20.71,NO,1634774054
adamantina,-21.6853,-51.0725,71.35,63,0,14.47,BR,1634774055
voh,-20.9667,164.7,67.66,95,100,3.53,NC,1634774055
kasongo,-4.45,26.6667,66.72,100,100,2.44,CD,1634774055
jaisalmer,26.9147,70.9181,75.09,56,0,14.29,IN,1634774056
pacific grove,36.6177,-121.9166,66.4,75,90,1.01,US,1634773835
gillette,44.2911,-105.5022,45.86,78,28,7.0,US,1634774025
kropotkin,45.4375,40.5756,40.5,53,28,5.03,RU,1634774056
tingi,-11.3,35.0333,64.9,71,41,7.92,TZ,1634774057
tekeli,44.83,78.8239,50.49,32,100,2.91,KZ,1634774057
college,64.8569,-147.8028,39.18,59,40,5.75,US,1634774057
bozova,37.3625,38.5267,58.12,37,0,4.9,TR,1634774058
honningsvag,70.9821,25.9704,35.83,64,100,30.2,NO,1634774058
zhangye,38.9342,100.4517,40.8,41,1,3.0,CN,1634774058
buta,2.7858,24.73,70.05,100,100,1.7,CD,1634774059
zomin,39.9606,68.3958,56.26,23,57,3.51,UZ,1634774059
bac lieu,9.285,105.7244,76.37,93,100,7.02,VN,1634774060
reutlingen,48.4914,9.2043,61.02,82,82,8.61,DE,1634774060
prince rupert,54.3161,-130.3201,49.69,90,90,8.05,CA,1634774060
ovre ardal,61.3167,7.8,39.13,99,100,4.94,NO,1634774061
maun,-19.9833,23.4167,75.16,46,0,9.22,BW,1634774061
stokmarknes,68.5646,14.9108,34.5,93,100,5.5,NO,1634774062
goderich,43.7501,-81.7165,61.12,72,83,6.91,CA,1634774062
iglino,54.8324,56.4126,28.49,82,91,9.64,RU,1634774062
mastic beach,40.7668,-72.8521,69.98,78,9,1.01,US,1634774063
poso,-1.3959,120.7524,83.57,66,78,1.41,ID,1634774063
abancay,-13.6339,-72.8814,62.85,78,87,4.45,PE,1634774063
changying,52.8733,123.3213,30.7,65,85,3.47,CN,1634774064
turki,51.987,43.2731,36.72,61,76,13.82,RU,1634774064
shirgaon,19.7,72.7,76.05,76,18,6.8,IN,1634774064
kuchinarai,16.541,104.05,74.82,85,100,1.48,TH,1634774065
sao miguel do araguaia,-13.275,-50.1628,84.16,49,69,1.97,BR,1634774065
pangnirtung,66.1451,-65.7125,27.81,67,8,5.32,CA,1634774065
kendari,-3.945,122.4989,82.6,75,84,1.5,ID,1634774065
great yarmouth,52.6083,1.7305,53.02,88,94,16.44,GB,1634774066
port lincoln,-34.7333,135.8667,65.16,65,59,12.21,AU,1634774066
sao joao da barra,-21.6403,-41.0511,65.07,91,100,12.71,BR,1634774066
amparafaravola,-17.5833,48.2167,58.98,97,11,3.38,MG,1634774067
stryn,61.9045,6.7226,44.89,100,100,4.94,NO,1634774067
emerald,-23.5333,148.1667,81.34,65,75,6.91,AU,1634774068
mao,39.8885,4.2658,64.96,88,0,8.05,ES,1634773883
natal,-5.795,-35.2094,81.25,83,40,9.22,BR,1634774045
yinchuan,38.4681,106.2731,44.64,24,0,0.78,CN,1634774068
mountain home,43.133,-115.6912,65.68,27,40,10.36,US,1634774069
egvekinot,66.3167,-179.1667,22.46,86,100,5.91,RU,1634774069
lorengau,-2.0226,147.2712,84.51,71,57,7.92,PG,1634774069
eutin,54.1333,10.6167,56.79,89,55,18.41,DE,1634774070
coos bay,43.3665,-124.2179,62.58,85,75,10.36,US,1634774070
muroto,33.2833,134.15,57.24,58,100,7.94,JP,1634774070
beloha,-25.1667,45.05,68.76,90,100,4.9,MG,1634774071
dingli,35.8614,14.3822,61.81,94,20,2.3,MT,1634774071
iberia,29.9502,-91.7507,80.56,83,99,5.59,US,1634774071
marsaxlokk,35.8419,14.5431,64.08,94,20,2.3,MT,1634774072
holme,56.1138,10.1725,53.17,93,65,14.03,DK,1634774072
novoagansk,61.9449,76.6625,39.04,91,100,7.58,RU,1634774072
korgen,66.0771,13.8153,42.28,97,100,5.84,NO,1634774072
praia da vitoria,38.7333,-27.0667,64.76,88,20,2.01,PT,1634774073
libertador general san martin,-23.8064,-64.7876,74.97,39,0,4.14,AR,1634774073
kavieng,-2.5744,150.7967,82.72,74,95,6.58,PG,1634773818
srednekolymsk,67.45,153.6833,-1.14,89,78,2.3,RU,1634773778
ca mau,9.1769,105.15,76.14,95,100,5.14,VN,1634774074
vaasa,63.096,21.6158,43.29,100,75,1.14,FI,1634774074
boyolangu,-8.1181,111.8935,80.19,77,91,3.83,ID,1634774074
nakhon phanom,17.3333,104.4167,76.03,86,84,1.48,TH,1634773878
palmer,42.1584,-72.3287,64.45,74,65,3.98,US,1634773920
beyneu,45.3167,55.2,40.64,62,43,11.7,KZ,1634774075
caxito,-8.5785,13.6643,75.85,80,99,4.27,AO,1634774075
pereslavl-zalesskiy,56.7393,38.8563,39.16,94,100,18.39,RU,1634774075
hereford,52.0568,-2.7148,50.0,60,99,14.97,GB,1634774076
marrakesh,31.6315,-8.0083,68.07,60,0,3.44,MA,1634774076
stabat,3.761,98.4513,75.4,99,100,3.15,ID,1634774076
kerema,-7.9631,145.7785,83.77,75,46,5.03,PG,1634774077
ruteng,-8.6136,120.4721,72.0,70,97,1.81,ID,1634774077
amahai,-3.3333,128.9167,83.88,69,84,0.72,ID,1634774078
lardos,36.0942,28.0157,66.02,65,44,9.33,GR,1634774078
lasa,46.6166,10.7002,52.54,92,97,6.17,IT,1634774078
grand-lahou,5.1367,-5.0242,77.77,87,77,8.39,CI,1634774079
cordoba,-31.4135,-64.1811,73.6,35,0,10.36,AR,1634774041
tabou,4.423,-7.3528,76.98,88,39,7.45,CI,1634773821
pangoa,-12.1167,-73.0,71.17,85,86,2.33,PE,1634774079
akdagmadeni,39.6603,35.8836,36.25,79,0,1.61,TR,1634774079
muisne,0.6,-80.0333,75.78,85,100,8.81,EC,1634774080
constitucion,-35.3333,-72.4167,51.93,88,16,3.47,CL,1634774080
maniitsoq,65.4167,-52.9,32.68,69,8,13.42,GL,1634774080
belmonte,-15.8631,-38.8828,79.3,89,66,4.29,BR,1634774081
haverfordwest,51.8017,-4.9691,57.54,82,94,3.0,GB,1634774081
bo phloi,14.3236,99.5161,80.31,87,100,1.7,TH,1634774081
hobyo,5.3505,48.5268,77.85,83,84,13.51,SO,1634774082
kandava,57.0409,22.7747,55.8,86,100,18.14,LV,1634774082
mount isa,-20.7333,139.5,83.97,32,74,20.71,AU,1634774082
normandin,48.8333,-72.5321,48.33,81,100,8.05,CA,1634774083
matadi,-5.8167,13.45,76.23,82,91,4.21,CD,1634774083
coxim,-18.5067,-54.76,80.62,54,80,5.64,BR,1634774083
paragominas,-2.9667,-47.4833,76.05,86,86,4.0,BR,1634774084
svecha,58.2785,47.5164,31.3,80,100,11.72,RU,1634774084
cascais,38.6979,-9.4215,67.46,77,0,5.01,PT,1634774084
ilhabela,-23.7781,-45.3581,64.63,88,98,6.02,BR,1634774044
tezu,27.9167,96.1667,72.05,99,100,1.79,IN,1634774085
rock springs,41.5875,-109.2029,51.04,54,1,1.01,US,1634773887
san-pedro,4.7485,-6.6363,76.26,91,41,5.61,CI,1634774085
yantal,56.8471,105.2542,27.88,96,41,4.18,RU,1634774086
chicama,-7.8447,-79.1469,59.54,78,77,7.18,PE,1634774086
bogdanovich,56.7803,62.0494,31.91,88,100,13.82,RU,1634774086
ndele,8.4109,20.6473,70.41,97,100,7.18,CF,1634774087
nicoya,10.1483,-85.452,74.75,92,97,1.9,CR,1634774087
puerto del rosario,28.5004,-13.8627,71.35,83,58,14.97,ES,1634773834
kotelnich,58.3089,48.348,31.33,85,92,10.36,RU,1634774088
albesti,47.7,27.0667,55.94,58,90,5.79,RO,1634774088
cururupu,-1.8283,-44.8683,76.15,87,12,3.11,BR,1634774089
alice springs,-23.7,133.8833,78.35,27,0,11.5,AU,1634774089
port maria,18.3685,-76.8895,77.02,90,85,3.8,JM,1634774089
maykop,44.6078,40.1058,39.11,65,33,3.6,RU,1634774090
susehri,40.1644,38.0867,40.08,81,4,1.23,TR,1634774090
faya,18.3851,42.4509,59.11,30,3,6.53,SA,1634773835
vila velha,-20.3297,-40.2925,66.15,88,75,9.22,BR,1634774090
harper,4.375,-7.7169,77.31,88,57,7.16,LR,1634774091
salalah,17.0151,54.0924,76.26,79,92,5.57,OM,1634773874
anloga,5.7947,0.8973,80.82,84,99,10.31,GH,1634774091
avera,33.194,-82.5271,65.71,53,70,4.79,US,1634774092
puro,12.4841,123.3827,81.64,81,39,5.37,PH,1634774092
along,28.1667,94.7667,71.33,100,100,0.81,IN,1634774092
mattru,7.6244,-11.8332,74.16,97,100,2.1,SL,1634774093
namatanai,-3.6667,152.4333,82.76,75,99,5.53,PG,1634774093
dicabisagan,17.0818,122.4157,81.7,75,63,1.99,PH,1634774093
nabire,-3.3667,135.4833,83.14,74,86,0.22,ID,1634774093
kushiro,42.975,144.3747,47.35,100,75,2.3,JP,1634774094
chapais,49.7834,-74.8492,38.98,96,100,8.08,CA,1634773810
talaya,61.3833,152.75,-9.96,87,46,0.2,RU,1634774095
kadnikov,59.5022,40.338,32.27,94,100,15.43,RU,1634774095
apac,1.9756,32.5386,67.62,91,100,0.94,UG,1634774095
changli,39.7042,119.1506,46.2,57,4,4.85,CN,1634774096
bonthe,7.5264,-12.505,78.06,88,100,7.49,SL,1634774096
longjiang,47.3303,123.1836,38.59,52,100,3.11,CN,1634774096
klamath falls,42.2249,-121.7817,52.88,65,100,1.99,US,1634774097
port hardy,50.6996,-127.4199,53.78,94,75,3.44,CA,1634774097
moron,-34.6534,-58.6198,69.03,76,21,4.0,AR,1634773853
rio gallegos,-51.6226,-69.2181,53.65,26,0,8.05,AR,1634774097
progreso,21.2833,-89.6667,78.12,83,93,12.95,MX,1634774098
idrinskoye,54.3708,92.1358,34.56,73,86,3.56,RU,1634774098
mindelo,16.8901,-24.9804,78.35,78,20,16.11,CV,1634774098
oron,4.8256,8.2343,75.04,91,100,1.1,NG,1634774099
takoradi,4.8845,-1.7554,77.09,90,92,8.95,GH,1634773918
skoghall,59.3232,13.4655,48.76,87,20,14.97,SE,1634774099
kinshasa,-4.3246,15.3215,77.32,88,40,3.44,CD,1634774099
naze,28.3667,129.4833,63.52,85,100,13.47,JP,1634774100
xichang,27.8964,102.2634,51.37,88,100,3.42,CN,1634774100
erzin,36.9559,36.2,52.32,46,0,2.55,TR,1634774100
agadir,30.4202,-9.5982,66.65,39,82,0.83,MA,1634773978
haines junction,60.7522,-137.5108,35.55,87,65,0.0,CA,1634774101
sao filipe,14.8961,-24.4956,82.27,58,0,8.99,CV,1634774102
plettenberg bay,-34.0527,23.3716,66.15,57,78,3.06,ZA,1634774103
synya,65.3718,58.0387,29.89,96,99,5.35,RU,1634774104
sakaiminato,35.55,133.2333,49.98,93,75,5.75,JP,1634774104
mokhsogollokh,61.4681,128.9203,30.96,79,99,9.8,RU,1634774105
tiksi,71.6872,128.8694,10.94,94,100,5.37,RU,1634774106
otradnoye,59.7775,30.8181,55.04,93,100,13.98,RU,1634774106
yongchang,30.0381,119.7317,50.79,96,100,2.19,CN,1634774107
geraldton,-28.7667,114.6,66.61,72,34,12.66,AU,1634774107
tevaitoa,-16.7833,-151.5,78.82,79,24,7.52,PF,1634774108
ahuimanu,21.4447,-157.8378,84.78,52,1,9.22,US,1634774108
desa,43.8667,23.0333,50.07,76,1,1.14,RO,1634774108
san quintin,30.4833,-115.95,65.66,71,3,11.68,MX,1634773815
bolton,53.5833,-2.4333,48.42,94,49,1.99,GB,1634774109
zinder,13.8072,8.9881,86.16,19,18,3.69,NE,1634774109
evensk,61.95,159.2333,11.55,67,94,8.72,RU,1634774110
chernyshevskiy,63.0128,112.4714,35.83,96,100,11.32,RU,1634774110
norrtalje,59.758,18.705,53.02,75,100,14.79,SE,1634774110
purificacion,3.8587,-74.9313,78.76,75,74,4.25,CO,1634774110
zaraza,9.3503,-65.3245,78.33,76,70,6.58,VE,1634774111
umm lajj,25.0213,37.2685,77.94,63,0,12.12,SA,1634774104
vernon,50.2581,-119.2691,58.75,77,100,2.3,CA,1634774111
chhapar,27.8167,74.4,73.58,32,0,9.6,IN,1634774112
kichera,55.9375,110.0997,29.32,85,85,1.74,RU,1634774112
ewo,-0.8725,14.8206,70.16,97,100,0.18,CG,1634774112
vidim,56.4088,103.1106,27.73,94,38,3.18,RU,1634774113
awbari,26.5921,12.7805,70.77,41,100,7.2,LY,1634774113
chino valley,34.7575,-112.4538,70.84,34,53,1.99,US,1634774113
okato,-39.2,173.8833,64.42,72,98,1.48,NZ,1634774114
leinefelde,51.3833,10.3333,60.48,81,100,18.79,DE,1634774114
east stroudsburg,40.9995,-75.1813,64.92,76,33,4.36,US,1634774115
tateyama,34.9833,139.8667,63.1,58,100,10.29,JP,1634774115
kamenka,51.3223,42.7678,36.37,61,94,12.82,RU,1634774115
show low,34.2542,-110.0298,68.72,29,1,11.5,US,1634774116
merauke,-8.4667,140.3333,85.77,63,78,3.69,ID,1634774116
carutapera,-1.195,-46.02,78.98,80,16,6.55,BR,1634774116
road town,18.4167,-64.6167,82.2,94,20,0.0,VG,1634774116
awjilah,29.1081,21.2869,70.02,48,9,8.39,LY,1634774117
bonavista,48.6499,-53.1147,49.12,94,100,18.7,CA,1634774117
aksarayskiy,46.7924,48.0119,31.95,72,3,7.85,RU,1634774118
ugoofaaru,5.6667,73.0,81.77,70,86,10.85,MV,1634774118
cabo rojo,18.0866,-67.1457,82.0,89,62,5.48,PR,1634774118
manavalakurichi,8.1333,77.3,78.89,93,98,4.85,IN,1634774119
itarema,-2.9248,-39.9167,79.83,81,99,9.75,BR,1634774119
maracaibo,10.6317,-71.6406,81.21,78,56,7.23,VE,1634774032
tuy hoa,13.0833,109.3,77.14,90,100,4.07,VN,1634774120
marovoay,-16.1,46.6333,75.34,83,3,5.82,MG,1634774120
mana,5.6592,-53.7767,80.38,82,93,10.71,GF,1634774121
sorland,67.667,12.6934,36.79,97,100,21.07,NO,1634774121
sao raimundo das mangabeiras,-7.0219,-45.4811,81.61,64,31,5.23,BR,1634774121
litovko,49.2361,135.1742,32.07,51,3,5.39,RU,1634774122
comodoro rivadavia,-45.8667,-67.5,73.26,27,0,21.85,AR,1634774122
kinablangan,7.6947,126.5503,82.92,71,99,4.68,PH,1634774123
kaitangata,-46.2817,169.8464,53.55,52,94,4.29,NZ,1634774123
gateshead,54.9333,-1.6667,44.29,92,40,3.44,GB,1634774123
tautira,-17.7333,-149.15,80.62,78,71,12.24,PF,1634774123
taikang,46.8333,124.4167,39.51,50,70,4.79,CN,1634774124
eyl,7.9803,49.8164,77.52,83,38,5.39,SO,1634774124
pacifica,37.6138,-122.4869,67.69,83,90,1.99,US,1634774125
zhigansk,66.7697,123.3711,20.5,92,89,9.66,RU,1634774125
villarrica,-25.75,-56.4333,69.12,60,54,3.71,PY,1634774125
rudnichnyy,59.617,52.4703,27.86,83,91,4.45,RU,1634774126
